id;maintenance_log_code;log_date;log_type;description;cost;vendor;next_service_date;note;created_by;created_date;last_modified_by;last_modified_date
1;mallard highly;2026-06-11;REPLACEMENT;patiently;9670.81;antagonize notwithstanding;2026-06-12;sauerkraut swill descendant;seal bungalow readily;2026-06-11T08:53:25;wry ridge;2026-06-11T08:01:08
2;jealously;2026-06-12;REPLACEMENT;babushka until government;25785.48;wobbly mob intervention;2026-06-11;creamy before;ick aha ha;2026-06-12T02:47:56;kooky boohoo;2026-06-11T09:19:39
3;dutiful wisecrack;2026-06-12;REPLACEMENT;pfft spectacles deployment;3324.16;unlike even synergy;2026-06-11;apropos phooey despite;whose;2026-06-12T03:29:46;ah or rise;2026-06-11T19:10:15
4;gosh;2026-06-12;REPAIR;propound;26620.33;cuckoo hydrolyze;2026-06-11;duh;depot;2026-06-12T02:25:41;up;2026-06-11T21:43:21
5;blue consequently;2026-06-12;REPLACEMENT;openly react tattered;30273.48;nicely;2026-06-11;um;once if reassemble;2026-06-11T17:02:23;typewriter because team;2026-06-11T21:34:15
6;petty;2026-06-12;REPLACEMENT;extent;30882.4;times because;2026-06-12;who an;elderly on;2026-06-11T14:27:43;yahoo justly;2026-06-11T21:36:50
7;amid or aha;2026-06-12;REPAIR;fooey round quiet;10992.54;to wherever so;2026-06-11;wherever um;final mid;2026-06-11T21:42:23;fruitful supportive despite;2026-06-12T01:16:45
8;up since incidentally;2026-06-12;REPAIR;famously;13870.32;chasuble upwardly;2026-06-11;chilly;geez hundred;2026-06-11T15:50:44;opposite bonfire;2026-06-11T18:34:30
9;frizzy notwithstanding;2026-06-12;REPLACEMENT;excepting qua;5612.12;brandish grandpa lovely;2026-06-11;incidentally;volleyball;2026-06-11T14:06:30;investigate that aside;2026-06-12T01:18:09
10;whenever;2026-06-12;REPLACEMENT;above;14861.46;information below;2026-06-12;irresponsible how;meh minus gosh;2026-06-11T23:00:28;reschedule voluntarily;2026-06-11T10:01:59
